url	status	output_file	title
https://openwebwork.github.io/pg-docs/sample-problems/VectorCalc/VectorLineSegment1.html	OK	openwebwork-github-io__VectorLineSegment1.html.html	VectorLineSegment1.pg
https://openwebwork.github.io/pg-docs/sample-problems/Misc/EssayAnswer.html	OK	openwebwork-github-io__EssayAnswer.html.html	EssayAnswer.pg
https://openwebwork.github.io/pg-docs/sample-problems/problem-techniques/SimplePopUp.html	OK	openwebwork-github-io__SimplePopUp.html.html	Page not found · GitHub Pages
https://openwebwork.github.io/pg-docs/sample-problems/Complex/LimitedComplex.html	OK	openwebwork-github-io__LimitedComplex.html.html	LimitedComplex.pg
https://openwebwork.github.io/pg-docs/sample-problems/VectorCalc/DirectionField.html	OK	openwebwork-github-io__DirectionField.html.html	DirectionField.pg
https://openwebwork.github.io/pg-docs/sample-problems/problem-techniques/ErrorMessageCustomization.html	OK	openwebwork-github-io__ErrorMessageCustomization.html.html	ErrorMessageCustomization
https://openwebwork.github.io/pg-docs/sample-problems/Parametric/ParametricEquationAnswers.html	OK	openwebwork-github-io__ParametricEquationAnswers.html.html	ParametricEquationAnswers.pg
https://openwebwork.github.io/pg-docs/sample-problems/problem-techniques/FactoringAndExpanding.html	OK	openwebwork-github-io__FactoringAndExpanding.html.html	FactoringAndExpanding
https://openwebwork.github.io/pg-docs/sample-problems/Complex/OtherOperations.html	OK	openwebwork-github-io__OtherOperations.html.html	OtherOperations.pg
https://openwebwork.github.io/pg-docs/sample-problems/problem-techniques/RandomFunction.html	OK	openwebwork-github-io__RandomFunction.html.html	Page not found · GitHub Pages
https://openwebwork.github.io/pg-docs/sample-problems/Algebra/GraphToolPoints.html	OK	openwebwork-github-io__GraphToolPoints.html.html	GraphToolPoints.pg
https://openwebwork.github.io/pg-docs/sample-problems/Trig/TrigDegrees.html	OK	openwebwork-github-io__TrigDegrees.html.html	TrigDegrees.pg
https://openwebwork.github.io/pg-docs/sample-problems/problem-techniques/DraggableSubsets.html	OK	openwebwork-github-io__DraggableSubsets.html.html	DraggableSubsets
https://openwebwork.github.io/pg-docs/sample-problems/problem-techniques/AnswerHints.html	OK	openwebwork-github-io__AnswerHints.html.html	AnswerHints
https://openwebwork.github.io/pg-docs/sample-problems/problem-techniques/EvalVersusSubstitute.html	OK	openwebwork-github-io__EvalVersusSubstitute.html.html	EvalVersusSubstitute
https://openwebwork.github.io/pg-docs/sample-problems/Algebra/GraphToolCustomChecker.html	OK	openwebwork-github-io__GraphToolCustomChecker.html.html	GraphToolCustomChecker.pg
https://openwebwork.github.io/pg-docs/sample-problems/problem-techniques/AnswerIsSolutionToEquation.html	OK	openwebwork-github-io__AnswerIsSolutionToEquation.html.html	AnswerIsSolutionToEquation
https://openwebwork.github.io/pg-docs/sample-problems/problem-techniques/ConstantsInProblems.html	OK	openwebwork-github-io__ConstantsInProblems.html.html	ConstantsInProblems
https://openwebwork.github.io/pg-docs/sample-problems/Algebra/GraphToolLine.html	OK	openwebwork-github-io__GraphToolLine.html.html	GraphToolLine.pg
https://webwork.maa.org/wiki/Tagging_Problems	OK	webwork-maa-org__Tagging_Problems.html	Tagging Problems
https://openwebwork.github.io/pg-docs/sample-problems/problem-techniques/Multianswer.html	OK	openwebwork-github-io__Multianswer.html.html	Page not found · GitHub Pages
https://openwebwork.github.io/pg-docs/sample-problems/Misc/FormulaTestPoints.html	OK	openwebwork-github-io__FormulaTestPoints.html.html	FormulaTestPoints.pg
https://openwebwork.github.io/pg-docs/sample-problems/problem-techniques/Percent.html	OK	openwebwork-github-io__Percent.html.html	Page not found · GitHub Pages
https://openwebwork.github.io/pg-docs/sample-problems/Algebra/GraphToolCircle.html	OK	openwebwork-github-io__GraphToolCircle.html.html	GraphToolCircle.pg
https://openwebwork.github.io/pg-docs/sample-problems/problem-techniques/ComposingFunctions.html	OK	openwebwork-github-io__ComposingFunctions.html.html	ComposingFunctions
https://openwebwork.github.io/pg-docs/sample-problems/problem-techniques/LayoutTable.html	OK	openwebwork-github-io__LayoutTable.html.html	LayoutTable
https://openwebwork.github.io/pg-docs/sample-problems/Misc/MultipleChoiceRadio.html	OK	openwebwork-github-io__MultipleChoiceRadio.html.html	MultipleChoiceRadio.pg
https://openwebwork.github.io/pg-docs/sample-problems/Parametric/ParametricPlot.html	OK	openwebwork-github-io__ParametricPlot.html.html	ParametricPlot.pg
https://openwebwork.github.io/pg-docs/sample-problems/Complex/ComplexOperations.html	OK	openwebwork-github-io__ComplexOperations.html.html	ComplexOperations.pg
https://openwebwork.github.io/pg-docs/sample-problems/problem-techniques/RestrictAnswerToFraction.html	OK	openwebwork-github-io__RestrictAnswerToFraction.html.html	Page not found · GitHub Pages
https://openwebwork.github.io/pg-docs/sample-problems/problem-techniques/TikZImages.html	OK	openwebwork-github-io__TikZImages.html.html	TikZImages
https://webwork.maa.org/wiki/ContextList	OK	webwork-maa-org__ContextList.html	Common Contexts
https://openwebwork.github.io/pg-docs/sample-problems/problem-techniques/FormattingDecimals.html	OK	openwebwork-github-io__FormattingDecimals.html.html	FormattingDecimals
https://webwork.maa.org/wiki/PGLabs	OK	webwork-maa-org__PGLabs.html	PGLabs
https://openwebwork.github.io/pg-docs/sample-problems/problem-techniques/StaticImages.html	OK	openwebwork-github-io__StaticImages.html.html	StaticImages
https://openwebwork.github.io/pg-docs/sample-problems/problem-techniques/OtherVariables.html	OK	openwebwork-github-io__OtherVariables.html.html	OtherVariables
https://openwebwork.github.io/pg-docs/sample-problems/Misc/MultipleChoicePopup.html	OK	openwebwork-github-io__MultipleChoicePopup.html.html	MultipleChoicePopup.pg
https://openwebwork.github.io/pg-docs/sample-problems/Parametric/PolarGraph.html	OK	openwebwork-github-io__PolarGraph.html.html	PolarGraph.pg
https://webwork.maa.org/wiki/Escaping_Substitutions_-_PGML	OK	webwork-maa-org__Escaping_Substitutions_-_PGML.html	Escaping Substitutions - PGML
https://openwebwork.github.io/pg-docs/sample-problems/problem-techniques/DifferentiatingFormulas.html	OK	openwebwork-github-io__DifferentiatingFormulas.html.html	DifferentiatingFormulas
https://openwebwork.github.io/pg-docs/sample-problems/problem-techniques/EquationEvaluators.html	OK	openwebwork-github-io__EquationEvaluators.html.html	EquationEvaluators
https://openwebwork.github.io/pg-docs/sample-problems/Trig/DisableFunctionsTrig.html	OK	openwebwork-github-io__DisableFunctionsTrig.html.html	DisableFunctionsTrig.pg
https://openwebwork.github.io/pg-docs/sample-problems/problem-techniques/AdaptiveParameters.html	OK	openwebwork-github-io__AdaptiveParameters.html.html	AdaptiveParameters
https://openwebwork.github.io/pg-docs/sample-problems/problem-techniques/DataTables.html	OK	openwebwork-github-io__DataTables.html.html	DataTables
https://openwebwork.github.io/pg-docs/sample-problems/problem-techniques/CalculatingWithPoints.html	OK	openwebwork-github-io__CalculatingWithPoints.html.html	CalculatingWithPoints
https://openwebwork.github.io/pg-docs/sample-problems/DiffCalcMV/ContourPlot.html	OK	openwebwork-github-io__ContourPlot.html.html	ContourPlot.pg
https://openwebwork.github.io/pg-docs/sample-problems/problem-techniques/RestrictingFunctions.html	OK	openwebwork-github-io__RestrictingFunctions.html.html	Page not found · GitHub Pages
https://openwebwork.github.io/pg-docs/sample-problems/Misc/Scaffolding.html	OK	openwebwork-github-io__Scaffolding.html.html	Scaffolding.pg
https://openwebwork.github.io/pg-docs/sample-problems/problem-techniques/Knowls.html	OK	openwebwork-github-io__Knowls.html.html	Knowls
https://openwebwork.github.io/pg-docs/sample-problems/problem-techniques/WeightedGrader.html	OK	openwebwork-github-io__WeightedGrader.html.html	WeightedGrader
https://openwebwork.github.io/pg-docs/sample-problems/problem-techniques/IntervalEvaluators.html	OK	openwebwork-github-io__IntervalEvaluators.html.html	IntervalEvaluators
https://openwebwork.github.io/pg-docs/sample-problems/problem-techniques/CustomAnswerCheckers.html	OK	openwebwork-github-io__CustomAnswerCheckers.html.html	CustomAnswerCheckers
https://openwebwork.github.io/pg-docs/sample-problems/VectorCalc/Vectors.html	OK	openwebwork-github-io__Vectors.html.html	Vectors.pg
https://openwebwork.github.io/pg-docs/sample-problems/problem-techniques/HtmlLinks.html	OK	openwebwork-github-io__HtmlLinks.html.html	HtmlLinks
https://courses1.webwork.maa.org/webwork2/cervone_course/PGML-examples/4?login_practice_user=true	FAIL	courses1-webwork-maa-org__4__login_practice_user_true.html	TimeoutError: Page.goto: Timeout 30000ms exceeded.
Call log:
  - navigating to "https://courses1.webwork.maa.org/webwork2/cervone_course/PGML-examples/4?login_practice_user=true", waiting until "domcontentloaded"

https://openwebwork.github.io/pg-docs/sample-problems/VectorCalc/VectorLineSegment2.html	OK	openwebwork-github-io__VectorLineSegment2.html.html	VectorLineSegment2.pg
https://openwebwork.github.io/pg-docs/sample-problems/problem-techniques/InequalityEvaluators.html	OK	openwebwork-github-io__InequalityEvaluators.html.html	InequalityEvaluators
https://openwebwork.github.io/pg-docs/sample-problems/Misc/DynamicGraphPolygon.html	OK	openwebwork-github-io__DynamicGraphPolygon.html.html	DynamicGraphPolygon.pg
https://openwebwork.github.io/pg-docs/sample-problems/Misc/MultipleChoiceCheckbox.html	OK	openwebwork-github-io__MultipleChoiceCheckbox.html.html	MultipleChoiceCheckbox.pg
https://openwebwork.github.io/pg-docs/sample-problems/problem-techniques/EquationsDefiningFunctions.html	OK	openwebwork-github-io__EquationsDefiningFunctions.html.html	EquationsDefiningFunctions
https://openwebwork.github.io/pg-docs/sample-problems/problem-techniques/NumericalTolerance.html	OK	openwebwork-github-io__NumericalTolerance.html.html	NumericalTolerance
https://openwebwork.github.io/pg-docs/sample-problems/problem-techniques/AnyAnswerMarkedCorrect.html	OK	openwebwork-github-io__AnyAnswerMarkedCorrect.html.html	AnyAnswerMarkedCorrect
https://openwebwork.github.io/pg-docs/sample-problems/problem-techniques/CustomAnswerListChecker.html	OK	openwebwork-github-io__CustomAnswerListChecker.html.html	CustomAnswerListChecker
https://openwebwork.github.io/pg-docs/sample-problems/problem-techniques/AnswerInExponent.html	OK	openwebwork-github-io__AnswerInExponent.html.html	AnswerInExponent
https://openwebwork.github.io/pg-docs/sample-problems/Algebra/GraphToolNumberLine.html	OK	openwebwork-github-io__GraphToolNumberLine.html.html	GraphToolNumberLine.pg
https://openwebwork.github.io/pg-docs/sample-problems/problem-techniques/FormulasToConstants.html	OK	openwebwork-github-io__FormulasToConstants.html.html	FormulasToConstants
https://openwebwork.github.io/pg-docs/sample-problems/problem-techniques/DigitsTolType.html	OK	openwebwork-github-io__DigitsTolType.html.html	DigitsTolType
https://openwebwork.github.io/pg-docs/sample-problems/problem-techniques/Images.html	OK	openwebwork-github-io__Images.html.html	Page not found · GitHub Pages
https://openwebwork.github.io/pg-docs/sample-problems/problem-techniques/DisableFunctions.html	OK	openwebwork-github-io__DisableFunctions.html.html	Page not found · GitHub Pages
https://webwork.maa.org/wiki/Category:MathObjects	OK	webwork-maa-org__Category-MathObjects.html	Category:MathObjects
https://openwebwork.github.io/pg-docs/sample-problems/Algebra/GraphToolCubic.html	OK	openwebwork-github-io__GraphToolCubic.html.html	GraphToolCubic.pg
https://openwebwork.github.io/pg-docs/sample-problems/problem-techniques/ExtractingCoordinatesFromPoint.html	OK	openwebwork-github-io__ExtractingCoordinatesFromPoint.html.html	Page not found · GitHub Pages
https://openwebwork.github.io/pg-docs/sample-problems/problem-techniques/GraphsInTables.html	OK	openwebwork-github-io__GraphsInTables.html.html	GraphsInTables
https://openwebwork.github.io/pg-docs/sample-problems/VectorCalc/VectorParametricLine.html	OK	openwebwork-github-io__VectorParametricLine.html.html	VectorParametricLine.pg
https://openwebwork.github.io/pg-docs/sample-problems/problem-techniques/AddingFunctions.html	OK	openwebwork-github-io__AddingFunctions.html.html	AddingFunctions
https://openwebwork.github.io/pg-docs/sample-problems/problem-techniques/StringsInContext.html	OK	openwebwork-github-io__StringsInContext.html.html	StringsInContext
